="",="(1)",="(2)",="(3)",="(4)",="(5)",="(6)",="(7)",="(8)"
="",="Log sales (average across 3 years)",="Log sales (average across 3 years)",="Log sales (average across 3 years)",="Log sales (average across 3 years)",="Log sales (average across 3 years)",="Log sales (average across 3 years)",="Log sales (average across 3 years)",="Olley Pakes TFP residual"
="CEO behavior index",="0.343***",="",="",="",="",="",="",="0.472***"
="",="(0.108)",="",="",="",="",="",="",="(0.106)"
="CEO behavior index excluding activities<15 CEOs",="",="0.305***",="",="",="",="",="",=""
="",="",="(0.110)",="",="",="",="",="",=""
="CEO behavior index excluding activities<45 CEOs",="",="",="0.316***",="",="",="",="",=""
="",="",="",="(0.102)",="",="",="",="",=""
="CEO behavior index including travel and email",="",="",="",="0.265***",="",="",="",=""
="",="",="",="",="(0.097)",="",="",="",=""
="CEO behavior index mixture model",="",="",="",="",="0.133**",="",="",=""
="",="",="",="",="",="(0.064)",="",="",=""
="CEO behavior index computed on sales sample only",="",="",="",="",="",="0.347***",="",=""
="",="",="",="",="",="",="(0.102)",="",=""
="CEO behavior index computed by developed/developing countries separately",="",="",="",="",="",="",="0.292***",=""
="",="",="",="",="",="",="",="(0.081)",=""
="R-squared",="0.767",="0.767",="0.767",="0.766",="0.765",="0.768",="0.767",="0.357"
="N",="920",="920",="920",="920",="920",="920",="920",="562"
="* p<0.1, ** p<0.05, *** p<0.01"
