="",="(1)",="(2)",="(3)",="(4)",="(5)"
="",="Log sales (average across 3 years)",="Log sales (average across 3 years)",="Log sales (average across 3 years)",="Log sales (average across 3 years)",="Log sales (average across 3 years)"
="CEO behavior index",="0.343***",="",="",="",=""
="",="(0.108)",="",="",="",=""
="Log employment (average across 3 years)",="0.889***",="0.897***",="0.893***",="0.907***",="0.876***"
="",="(0.040)",="(0.039)",="(0.041)",="(0.040)",="(0.040)"
="Share of time spent in Communications",="",="0.318",="",="",=""
="",="",="(0.440)",="",="",=""
="Share of time spent in Site visits",="",="-1.487***",="",="",=""
="",="",="(0.521)",="",="",=""
="Share of time spent in Planned activities",="",="",="0.375**",="",=""
="",="",="",="(0.187)",="",=""
="Share of time spent in Activities lasting more than 1 hour",="",="",="-0.166",="",=""
="",="",="",="(0.166)",="",=""
="Share of time spent with  More than 2 participant",="",="",="0.055",="",=""
="",="",="",="(0.175)",="",=""
="Share of time spent with  more than one function",="",="",="0.494***",="",=""
="",="",="",="(0.164)",="",=""
="Share of time spent with  insiders",="",="",="",="0.247",=""
="",="",="",="",="(0.187)",=""
="Share of time spent with  mix of insiders and outsiders",="",="",="",="0.353",=""
="",="",="",="",="(0.237)",=""
="Share of time spent with  Production",="",="",="",="",="-0.661***"
="",="",="",="",="",="(0.235)"
="Share of time spent with  Marketing",="",="",="",="",="0.459"
="",="",="",="",="",="(0.299)"
="Share of time spent with  Csuite",="",="",="",="",="0.374"
="",="",="",="",="",="(0.239)"
="Share of time spent with  Clients",="",="",="",="",="-0.804**"
="",="",="",="",="",="(0.318)"
="Share of time spent with  Suppliers",="",="",="",="",="-0.462"
="",="",="",="",="",="(0.603)"
="Share of time spent with  Consultants",="",="",="",="",="0.281"
="",="",="",="",="",="(0.649)"
="R-squared",="0.767",="0.767",="0.769",="0.764",="0.772"
="N",="920",="920",="920",="920",="920"
="* p<0.1, ** p<0.05, *** p<0.01"
